{"experiment_config": {"rank": 8, "alpha": 32, "modules": ["k", "q", "v"]}, "accuracy": 0.7256, "unknown": 0.0004, "prediction_ratio": 0.6392557022809123, "actual_ratio": 0.5025999999999999, "begin_time": 1731798094.8131661, "end_time": 1731803790.089371, "total_time": 5695.276204824448}