{"experiment_config": {"rank": 8, "alpha": 32, "modules": ["q"]}, "accuracy": 0.0, "unknown": 1.0, "prediction_ratio": null, "actual_ratio": 0.49, "begin_time": 1731424696.5426729, "end_time": 1731424742.4613812, "total_time": 45.91870832443237}