{"description": "detailed_right_base_torch.float16", "accuracy": 0.779, "unknown": 0.0, "prediction_ratio": 0.5408, "actual_ratio": 0.5034, "begin_time": 1731166630.9750612, "end_time": 1731166691.3925664, "total_time": 60.41750526428223}