{"description": "detailed_right_small_torch.float32", "accuracy": 0.7602, "unknown": 0.0, "begin_time": 1731016700.2991133, "end_time": 1731016725.3381615, "total_time": 25.039048194885254}