{"description": "hybrid_left_small_torch.float32", "accuracy": 0.756, "unknown": 0.0, "begin_time": 1731013909.095652, "end_time": 1731013930.8650415, "total_time": 21.769389390945435}