{"description": "hybrid_right_base_torch.float32", "accuracy": 0.7708, "unknown": 0.0, "begin_time": 1731017213.3545017, "end_time": 1731017261.0024917, "total_time": 47.647989988327026}