{"description": "simple_right_small_torch.float32", "accuracy": 0.0002, "unknown": 0.9996, "begin_time": 1731016427.2411525, "end_time": 1731016464.8336349, "total_time": 37.59248232841492}