{"description": "hybrid_right_small_torch.float32", "accuracy": 0.7592, "unknown": 0.0, "begin_time": 1731016583.6439385, "end_time": 1731016605.7278883, "total_time": 22.08394980430603}