{"description": "detailed_right_small_torch.float16", "accuracy": 0.7596, "unknown": 0.0, "prediction_ratio": 0.523, "actual_ratio": 0.503, "begin_time": 1731165403.1525092, "end_time": 1731165462.6080997, "total_time": 59.45559048652649}