{"description": "simple_left_base_torch.float16", "accuracy": 0.0452, "unknown": 0.9396, "begin_time": 1731012923.4822917, "end_time": 1731012996.720851, "total_time": 73.23855924606323}