{"description": "simple_left_small_torch.float16", "accuracy": 0.0004, "unknown": 0.9996, "begin_time": 1731012407.149872, "end_time": 1731012448.6726265, "total_time": 41.522754430770874}