{"description": "detailed_left_base_torch.float16", "accuracy": 0.7816, "unknown": 0.0012, "begin_time": 1731013508.2568622, "end_time": 1731013566.2567358, "total_time": 57.999873638153076}