{"description": "hybrid_right_small_torch.float32", "accuracy": 0.7514, "unknown": 0.0, "prediction_ratio": 0.5348, "actual_ratio": 0.5058, "begin_time": 1731167275.9023623, "end_time": 1731167298.144891, "total_time": 22.242528676986694}