{"description": "detailed_right_small_torch.float16", "accuracy": 0.7608, "unknown": 0.0, "begin_time": 1731015356.8054016, "end_time": 1731015382.1262865, "total_time": 25.320884943008423}