{"description": "simple_right_small_torch.float16", "accuracy": 0.0004, "unknown": 0.9994, "prediction_ratio": 0.6666666666666666, "actual_ratio": 0.5026, "begin_time": 1731165229.4679332, "end_time": 1731165339.9056284, "total_time": 110.43769526481628}