{"description": "hybrid_left_base_torch.float32", "accuracy": 0.7802, "unknown": 0.0, "begin_time": 1731014535.8130815, "end_time": 1731014583.6152606, "total_time": 47.80217909812927}