{"description": "simple_left_small_torch.float16", "accuracy": 0.0, "unknown": 0.9996, "prediction_ratio": 0.5, "actual_ratio": 0.5102, "begin_time": 1731161159.2500355, "end_time": 1731161240.3173912, "total_time": 81.06735563278198}