{"description": "simple_left_base_torch.float32", "accuracy": 0.0456, "unknown": 0.9388, "begin_time": 1731014235.0521243, "end_time": 1731014303.4292862, "total_time": 68.3771619796753}