{"description": "simple_right_base_torch.float32", "accuracy": 0.0378, "unknown": 0.9544, "begin_time": 1731016913.7825496, "end_time": 1731016981.7807202, "total_time": 67.99817061424255}