{"description": "simple_right_small_torch.float16", "accuracy": 0.0002, "unknown": 0.9996, "begin_time": 1731015057.5941007, "end_time": 1731015100.2440577, "total_time": 42.649956941604614}