{"description": "detailed_right_base_torch.float32", "accuracy": 0.7808, "unknown": 0.0, "prediction_ratio": 0.5274, "actual_ratio": 0.5086, "begin_time": 1731168140.0973182, "end_time": 1731168211.7787292, "total_time": 71.68141102790833}