{"description": "hybrid_left_base_torch.float16", "accuracy": 0.7804, "unknown": 0.0, "begin_time": 1731013243.6338494, "end_time": 1731013293.1918335, "total_time": 49.55798411369324}