{"description": "hybrid_right_base_torch.float16", "accuracy": 0.775, "unknown": 0.0, "prediction_ratio": 0.5566, "actual_ratio": 0.5056, "begin_time": 1731166581.018918, "end_time": 1731166630.970074, "total_time": 49.9511559009552}