{"description": "detailed_left_small_torch.float16", "accuracy": 0.756, "unknown": 0.0, "begin_time": 1731012700.386606, "end_time": 1731012725.3907843, "total_time": 25.004178285598755}