{"description": "hybrid_right_small_torch.float16", "accuracy": 0.7596, "unknown": 0.0, "begin_time": 1731015234.5599027, "end_time": 1731015258.4122515, "total_time": 23.852348804473877}