{"description": "hybrid_right_base_torch.float32", "accuracy": 0.7762, "unknown": 0.0, "prediction_ratio": 0.5662, "actual_ratio": 0.5048, "begin_time": 1731168078.8520684, "end_time": 1731168140.0913007, "total_time": 61.239232301712036}