{"description": "simple_left_small_torch.float32", "accuracy": 0.0004, "unknown": 0.9996, "begin_time": 1731013756.575614, "end_time": 1731013792.898909, "total_time": 36.32329511642456}