{"description": "detailed_right_base_torch.float32", "accuracy": 0.782, "unknown": 0.0, "begin_time": 1731017477.0857103, "end_time": 1731017537.1082017, "total_time": 60.022491455078125}