{"description": "hybrid_left_small_torch.float16", "accuracy": 0.756, "unknown": 0.0, "begin_time": 1731012579.539566, "end_time": 1731012603.2093766, "total_time": 23.66981053352356}