{"description": "detailed_left_base_torch.float32", "accuracy": 0.7816, "unknown": 0.0012, "begin_time": 1731014794.6390085, "end_time": 1731014852.4075346, "total_time": 57.76852607727051}