{"description": "detailed_right_small_torch.float32", "accuracy": 0.7424, "unknown": 0.0, "prediction_ratio": 0.5404, "actual_ratio": 0.5, "begin_time": 1731167298.1498845, "end_time": 1731167323.7444346, "total_time": 25.594550132751465}