{"description": "detailed_left_small_torch.float32", "accuracy": 0.7556, "unknown": 0.0, "begin_time": 1731014023.9694228, "end_time": 1731014048.4110665, "total_time": 24.441643714904785}