{"description": "hybrid_left_small_torch.float16", "accuracy": 0.7594, "unknown": 0.0, "prediction_ratio": 0.5454, "actual_ratio": 0.4948, "begin_time": 1731161240.3283527, "end_time": 1731161288.148387, "total_time": 47.82003426551819}