{"description": "simple_right_base_torch.float32", "accuracy": 0.0342, "unknown": 0.96, "prediction_ratio": 0.575, "actual_ratio": 0.505, "begin_time": 1731167973.2314925, "end_time": 1731168078.8420963, "total_time": 105.61060380935669}