{"description": "detailed_left_base_torch.float32", "accuracy": 0.7832, "unknown": 0.0006, "prediction_ratio": 0.5511306784070442, "actual_ratio": 0.5006, "begin_time": 1731164136.6580489, "end_time": 1731164215.9091353, "total_time": 79.25108647346497}