{"description": "detailed_left_base_torch.float16", "accuracy": 0.7796, "unknown": 0.0008, "prediction_ratio": 0.5456365092073658, "actual_ratio": 0.5014, "begin_time": 1731162320.4365718, "end_time": 1731162388.9142625, "total_time": 68.47769069671631}