{"description": "detailed_right_base_torch.float16", "accuracy": 0.782, "unknown": 0.0, "begin_time": 1731016171.08529, "end_time": 1731016231.355755, "total_time": 60.27046513557434}