{"description": "hybrid_right_base_torch.float16", "accuracy": 0.7708, "unknown": 0.0, "begin_time": 1731015900.9510424, "end_time": 1731015950.8297806, "total_time": 49.87873816490173}