{"description": "simple_right_base_torch.float16", "accuracy": 0.0376, "unknown": 0.9546, "begin_time": 1731015581.4005911, "end_time": 1731015655.1114187, "total_time": 73.71082758903503}