{"experiment_config": {"rank": 16, "alpha": 32, "modules": ["k", "q", "v"]}, "accuracy": 0.64, "unknown": 0.0, "prediction_ratio": 0.68, "actual_ratio": 0.5, "begin_time": 1731460566.643285, "end_time": 1731460611.803585, "total_time": 45.1603000164032}