{"experiment_config": {"rank": 16, "alpha": 32, "modules": ["k", "q"]}, "accuracy": 0.0, "unknown": 1.0, "pred_ratio": null, "actual_ratio": 0.5044, "begin_time": 1731296301.059208, "end_time": 1731302446.858573, "total_time": 6145.79936504364}