{"experiment_config": {"rank": 16, "alpha": 16, "modules": ["k", "q", "v"]}, "accuracy": 0.7412, "unknown": 0.0, "prediction_ratio": 0.6414, "actual_ratio": 0.501, "begin_time": 1731809430.2140968, "end_time": 1731815242.546962, "total_time": 5812.33286523819}