{"description": "few_shot_base_torch.float32_2", "accuracy": 0.8268, "unknown": 0.0, "prediction_ratio": 0.6038, "actual_ratio": 0.5114000000000001, "begin_time": 1731182085.9700918, "end_time": 1731182427.927681, "total_time": 341.9575891494751}