{"description": "few_shot_base_torch.float16_2", "accuracy": 0.8308, "unknown": 0.0, "prediction_ratio": 0.5964, "actual_ratio": 0.5076, "begin_time": 1731173718.080227, "end_time": 1731174064.6769097, "total_time": 346.5966827869415}