{"description": "few_shot_large_torch.float16_2", "accuracy": 0.8892, "unknown": 0.0, "prediction_ratio": 0.5294, "actual_ratio": 0.5022, "begin_time": 1731178086.5904093, "end_time": 1731179302.7103987, "total_time": 1216.1199893951416}