{"description": "few_shot_small_torch.float32_6", "accuracy": 0.4894, "unknown": 0.0212, "prediction_ratio": 0.9391091131998366, "actual_ratio": 0.4982, "begin_time": 1731234137.999882, "end_time": 1731234251.970134, "total_time": 113.97025203704834}