{"description": "few_shot_large_torch.float32_6", "accuracy": 0.0298, "unknown": 0.938, "prediction_ratio": 0.967741935483871, "actual_ratio": 0.5, "begin_time": 1731275878.2281024, "end_time": 1731288858.8159828, "total_time": 12980.587880373001}