{"description": "few_shot_base_torch.float32_6", "accuracy": 0.4132, "unknown": 0.1494, "prediction_ratio": 0.9680225723019046, "actual_ratio": 0.48860000000000003, "begin_time": 1731235827.5066385, "end_time": 1731236278.9524612, "total_time": 451.4458227157593}