{"experiment_config": {"rank": 16, "alpha": 16, "modules": ["k", "q"]}, "accuracy": 0.7364, "unknown": 0.0002, "prediction_ratio": 0.6407281456291258, "actual_ratio": 0.5074000000000001, "begin_time": 1731503948.898889, "end_time": 1731505586.323664, "total_time": 1637.4247748851776}