{"description": "hybrid_left_small_torch.float32", "accuracy": 0.756, "unknown": 0.0, "begin_time": 1731013952.6155915, "end_time": 1731013974.4041357, "total_time": 21.788544178009033}