{"description": "detailed_right_small_torch.float32", "accuracy": 0.7602, "unknown": 0.0, "begin_time": 1731016750.448018, "end_time": 1731016775.4481685, "total_time": 25.000150442123413}