{"description": "hybrid_right_small_torch.float16", "accuracy": 0.7596, "unknown": 0.0, "begin_time": 1731015282.4767601, "end_time": 1731015306.3154519, "total_time": 23.83869171142578}