{"description": "hybrid_right_base_torch.float16", "accuracy": 0.7708, "unknown": 0.0, "begin_time": 1731016000.6195946, "end_time": 1731016050.3908548, "total_time": 49.771260261535645}