{"description": "detailed_left_base_torch.float32", "accuracy": 0.7816, "unknown": 0.0012, "begin_time": 1731014910.2149494, "end_time": 1731014967.9109898, "total_time": 57.696040391922}