{"description": "simple_right_base_torch.float32", "accuracy": 0.036, "unknown": 0.9588, "prediction_ratio": 0.6067961165048543, "actual_ratio": 0.4988, "begin_time": 1731168442.4595304, "end_time": 1731168544.2912378, "total_time": 101.83170747756958}