{"description": "simple_left_base_torch.float32", "accuracy": 0.0456, "unknown": 0.9388, "begin_time": 1731014371.7777045, "end_time": 1731014440.2835553, "total_time": 68.50585079193115}