{"description": "simple_left_small_torch.float32", "accuracy": 0.0004, "unknown": 0.9996, "begin_time": 1731013829.28491, "end_time": 1731013865.602702, "total_time": 36.31779193878174}