{"description": "hybrid_left_base_torch.float32", "accuracy": 0.7894, "unknown": 0.0, "prediction_ratio": 0.534, "actual_ratio": 0.4934, "begin_time": 1731164621.1864448, "end_time": 1731164693.028344, "total_time": 71.84189915657043}