{"description": "hybrid_left_base_torch.float32", "accuracy": 0.7802, "unknown": 0.0, "begin_time": 1731014631.3895273, "end_time": 1731014679.1956844, "total_time": 47.80615711212158}