{"description": "detailed_right_base_torch.float16", "accuracy": 0.781, "unknown": 0.0, "prediction_ratio": 0.5452, "actual_ratio": 0.501, "begin_time": 1731167002.6225884, "end_time": 1731167062.9378493, "total_time": 60.315260887145996}