{"description": "simple_right_base_torch.float32", "accuracy": 0.0378, "unknown": 0.9544, "begin_time": 1731017049.8307552, "end_time": 1731017117.9416306, "total_time": 68.11087536811829}