{"description": "detailed_right_small_torch.float16", "accuracy": 0.7608, "unknown": 0.0, "begin_time": 1731015407.462471, "end_time": 1731015432.8403244, "total_time": 25.377853393554688}