{"description": "simple_right_small_torch.float32", "accuracy": 0.0002, "unknown": 0.9996, "begin_time": 1731016502.14985, "end_time": 1731016539.4441617, "total_time": 37.29431176185608}