{"description": "simple_right_base_torch.float16", "accuracy": 0.0376, "unknown": 0.9546, "begin_time": 1731015728.2066476, "end_time": 1731015801.530143, "total_time": 73.323495388031}