{"description": "hybrid_left_small_torch.float16", "accuracy": 0.756, "unknown": 0.0, "begin_time": 1731012626.8384287, "end_time": 1731012650.3841012, "total_time": 23.54567241668701}