{"description": "hybrid_right_small_torch.float16", "accuracy": 0.7536, "unknown": 0.0002, "prediction_ratio": 0.5359071814362872, "actual_ratio": 0.4958, "begin_time": 1731165792.1507561, "end_time": 1731165851.146006, "total_time": 58.99524998664856}