{"description": "detailed_right_base_torch.float32", "accuracy": 0.782, "unknown": 0.0, "begin_time": 1731017597.2606103, "end_time": 1731017657.4170437, "total_time": 60.15643334388733}