{"description": "hybrid_right_small_torch.float32", "accuracy": 0.7592, "unknown": 0.0, "begin_time": 1731016627.8776686, "end_time": 1731016650.1331644, "total_time": 22.25549578666687}