{"description": "simple_right_small_torch.float16", "accuracy": 0.0002, "unknown": 0.9996, "prediction_ratio": 0.0, "actual_ratio": 0.4982, "begin_time": 1731165686.7936387, "end_time": 1731165792.141781, "total_time": 105.34814238548279}