{"description": "detailed_right_small_torch.float32", "accuracy": 0.7646, "unknown": 0.0, "prediction_ratio": 0.5342, "actual_ratio": 0.4932, "begin_time": 1731167470.531018, "end_time": 1731167495.9146125, "total_time": 25.383594512939453}