{"description": "simple_left_small_torch.float16", "accuracy": 0.0004, "unknown": 0.9996, "begin_time": 1731012490.4931645, "end_time": 1731012531.9198751, "total_time": 41.42671060562134}