{"description": "hybrid_right_base_torch.float32", "accuracy": 0.7708, "unknown": 0.0, "begin_time": 1731017308.701946, "end_time": 1731017356.7036052, "total_time": 48.00165915489197}