{"description": "simple_left_base_torch.float16", "accuracy": 0.0452, "unknown": 0.9396, "begin_time": 1731013070.218507, "end_time": 1731013144.9338338, "total_time": 74.71532678604126}