{"description": "hybrid_right_base_torch.float32", "accuracy": 0.7798, "unknown": 0.0, "prediction_ratio": 0.5652, "actual_ratio": 0.4966, "begin_time": 1731168544.3002133, "end_time": 1731168605.475635, "total_time": 61.175421714782715}