{"description": "detailed_left_small_torch.float16", "accuracy": 0.756, "unknown": 0.0, "begin_time": 1731012750.372447, "end_time": 1731012775.730815, "total_time": 25.358367919921875}