{"description": "simple_right_small_torch.float32", "accuracy": 0.0002, "unknown": 0.9998, "prediction_ratio": 1.0, "actual_ratio": 0.5086, "begin_time": 1731167410.6966918, "end_time": 1731167448.3384836, "total_time": 37.64179182052612}