{"description": "detailed_left_small_torch.float32", "accuracy": 0.7556, "unknown": 0.0, "begin_time": 1731014072.542561, "end_time": 1731014096.5471551, "total_time": 24.004594087600708}