{"description": "detailed_right_base_torch.float32", "accuracy": 0.7804, "unknown": 0.0, "prediction_ratio": 0.5442, "actual_ratio": 0.5042, "begin_time": 1731168605.482615, "end_time": 1731168674.9929771, "total_time": 69.51036214828491}