{"description": "detailed_left_base_torch.float16", "accuracy": 0.7816, "unknown": 0.0012, "begin_time": 1731013624.3658292, "end_time": 1731013682.334315, "total_time": 57.968485832214355}