{"description": "simple_right_small_torch.float16", "accuracy": 0.0002, "unknown": 0.9996, "begin_time": 1731015142.5828447, "end_time": 1731015185.3704343, "total_time": 42.78758955001831}