{"description": "hybrid_left_base_torch.float16", "accuracy": 0.7804, "unknown": 0.0, "begin_time": 1731013342.8522434, "end_time": 1731013392.3453555, "total_time": 49.493112087249756}