{"description": "detailed_right_base_torch.float16", "accuracy": 0.782, "unknown": 0.0, "begin_time": 1731016291.7092342, "end_time": 1731016352.0235052, "total_time": 60.314270973205566}