{
    "description": "few_shot_small_torch.float32_2_50",
    "accuracy": 0.7232,
    "unknown": 0.0,
    "prediction_ratio": 0.6136,
    "actual_ratio": 0.48839999999999995,
    "begin_time": 1731506713.7847056,
    "end_time": 1731506818.0829518,
    "total_time": 104.29824614524841,
    "trunc": 50
}