{
    "description": "few_shot_base_torch.float16_4_50",
    "accuracy": 0.7816,
    "unknown": 0.0,
    "prediction_ratio": 0.593,
    "actual_ratio": 0.4958,
    "begin_time": 1731534736.44661,
    "end_time": 1731535074.1952355,
    "total_time": 337.7486255168915,
    "trunc": 50
}