{
    "description": "few_shot_large_torch.float16_2_50",
    "accuracy": 0.8338,
    "unknown": 0.0,
    "prediction_ratio": 0.5308,
    "actual_ratio": 0.5002,
    "begin_time": 1731504514.018616,
    "end_time": 1731506494.957985,
    "total_time": 1980.9393689632416,
    "trunc": 50
}