{
    "description": "few_shot_base_torch.float16_2_50",
    "accuracy": 0.7712,
    "unknown": 0.0,
    "prediction_ratio": 0.5682,
    "actual_ratio": 0.5034000000000001,
    "begin_time": 1731500175.0762053,
    "end_time": 1731500517.2911065,
    "total_time": 342.21490120887756,
    "trunc": 50
}