{
    "description": "few_shot_base_torch.float32_4_50",
    "accuracy": 0.7666,
    "unknown": 0.0,
    "prediction_ratio": 0.6012,
    "actual_ratio": 0.5014000000000001,
    "begin_time": 1731540083.3779624,
    "end_time": 1731540423.6877367,
    "total_time": 340.3097743988037,
    "trunc": 50
}