{
    "description": "few_shot_base_torch.float32_2_50",
    "accuracy": 0.7796,
    "unknown": 0.0,
    "prediction_ratio": 0.5678,
    "actual_ratio": 0.5122,
    "begin_time": 1731507526.0457554,
    "end_time": 1731507868.2823765,
    "total_time": 342.2366211414337,
    "trunc": 50
}