{
    "description": "few_shot_base_torch.float32_2_100",
    "accuracy": 0.832,
    "unknown": 0.0,
    "prediction_ratio": 0.5952,
    "actual_ratio": 0.5116,
    "begin_time": 1731181742.2217767,
    "end_time": 1731182082.8364396,
    "total_time": 340.6146628856659,
    "trunc": 100
}