{
    "description": "few_shot_large_torch.float16_2_100",
    "accuracy": 0.8936,
    "unknown": 0.0,
    "prediction_ratio": 0.536,
    "actual_ratio": 0.5052,
    "begin_time": 1731176867.1052473,
    "end_time": 1731178083.4916954,
    "total_time": 1216.3864481449127,
    "trunc": 100
}