{"description": "few_shot_large_torch.float32_6", "accuracy": 0.0264, "unknown": 0.9462, "prediction_ratio": 0.9739776951672863, "actual_ratio": 0.49439999999999995, "begin_time": 1731262870.7081628, "end_time": 1731275870.3690813, "total_time": 12999.660918474197}