{"description": "few_shot_base_torch.float16_2", "accuracy": 0.8286, "unknown": 0.0, "prediction_ratio": 0.591, "actual_ratio": 0.5084, "begin_time": 1731173332.433906, "end_time": 1731173712.4283404, "total_time": 379.99443435668945}