{"description": "few_shot_large_torch.float16_6", "accuracy": 0.0258, "unknown": 0.9454, "prediction_ratio": 0.978021978021978, "actual_ratio": 0.5036, "begin_time": 1731229032.867783, "end_time": 1731230583.856491, "total_time": 1550.9887080192566}