{"description": "few_shot_base_torch.float32_6", "accuracy": 0.422, "unknown": 0.1492, "prediction_ratio": 0.9713211095439587, "actual_ratio": 0.498, "begin_time": 1731235370.1605568, "end_time": 1731235820.9790583, "total_time": 450.81850147247314}