{"description": "few_shot_small_torch.float32_2", "accuracy": 0.754, "unknown": 0.0, "prediction_ratio": 0.6694, "actual_ratio": 0.5078, "begin_time": 1731180736.941883, "end_time": 1731180838.6728718, "total_time": 101.73098874092102}