{"description": "few_shot_base_torch.float16_4", "accuracy": 0.773, "unknown": 0.0, "prediction_ratio": 0.594, "actual_ratio": 0.5025999999999999, "begin_time": 1731534371.3621142, "end_time": 1731534730.960285, "total_time": 359.5981707572937}