{"experiment_config": {"rank": 16, "alpha": 32, "modules": ["k", "q", "v"]}, "accuracy": 0.7378, "unknown": 0.0, "prediction_ratio": 0.6412, "actual_ratio": 0.5118, "begin_time": 1731505586.5191622, "end_time": 1731507246.3223941, "total_time": 1659.8032319545746}