{"experiment_config": {"rank": 16, "alpha": 16, "modules": ["k", "q", "v"]}, "accuracy": 0.0, "unknown": 1.0, "prediction_ratio": null, "actual_ratio": 0.52, "begin_time": 1731430384.78356, "end_time": 1731430428.453805, "total_time": 43.67024493217468}