{"experiment_config": {"rank": 16, "alpha": 16, "modules": ["k", "q", "v"]}, "accuracy": 0.7292, "unknown": 0.0, "prediction_ratio": 0.6426, "actual_ratio": 0.5018, "begin_time": 1731815242.6285682, "end_time": 1731821050.366205, "total_time": 5807.737636804581}