{"experiment_config": {"rank": 8, "alpha": 16, "modules": ["k", "q"]}, "accuracy": 0.7344, "unknown": 0.0, "prediction_ratio": 0.6378, "actual_ratio": 0.505, "begin_time": 1731786725.037119, "end_time": 1731792398.485458, "total_time": 5673.448338985443}