{"experiment_config": {"rank": 8, "alpha": 16, "modules": ["k", "q"]}, "accuracy": 0.7356, "unknown": 0.0, "prediction_ratio": 0.6264, "actual_ratio": 0.49760000000000004, "begin_time": 1731792398.555368, "end_time": 1731798094.729151, "total_time": 5696.173783063889}