{"experiment_config": {"rank": 8, "alpha": 32, "modules": ["q"]}, "accuracy": 0.0, "unknown": 1.0, "pred_ratio": null, "actual_ratio": 0.5044, "begin_time": 1731278650.4377248, "end_time": 1731284535.853753, "total_time": 5885.416028261185}