{
    "description": "detailed_left_small_torch.float32",
    "accuracy": 0.753,
    "unknown": 0.0002,
    "prediction_ratio": 0.5719143828765754,
    "actual_ratio": 0.4948,
    "begin_time": 1731162925.8339298,
    "end_time": 1731162962.2994235,
    "total_time": 36.46549367904663
}