{
    "description": "hybrid_right_small_torch.float32",
    "accuracy": 0.7568,
    "unknown": 0.0,
    "prediction_ratio": 0.5362,
    "actual_ratio": 0.4978,
    "begin_time": 1731167101.9834526,
    "end_time": 1731167124.8040302,
    "total_time": 22.82057762145996
}