{
    "description": "hybrid_right_base_torch.float16",
    "accuracy": 0.777,
    "unknown": 0.0,
    "prediction_ratio": 0.5662,
    "actual_ratio": 0.502,
    "begin_time": 1731166051.5513384,
    "end_time": 1731166126.7861645,
    "total_time": 75.23482608795166
}