{
    "description": "simple_left_base_torch.float32",
    "accuracy": 0.0426,
    "unknown": 0.9438,
    "prediction_ratio": 0.7829181494661922,
    "actual_ratio": 0.5096,
    "begin_time": 1731163522.3805685,
    "end_time": 1731163621.3559134,
    "total_time": 98.97534489631653
}