{
    "description": "hybrid_left_small_torch.float16",
    "accuracy": 0.752,
    "unknown": 0.0002,
    "prediction_ratio": 0.5431086217243448,
    "actual_ratio": 0.5014000000000001,
    "begin_time": 1731160898.0404952,
    "end_time": 1731160942.6153042,
    "total_time": 44.574809074401855
}