{
    "description": "hybrid_left_base_torch.float32",
    "accuracy": 0.786,
    "unknown": 0.0,
    "prediction_ratio": 0.5334,
    "actual_ratio": 0.5018,
    "begin_time": 1731163621.3658867,
    "end_time": 1731163679.8455153,
    "total_time": 58.479628562927246
}