{
    "description": "simple_right_small_torch.float32",
    "accuracy": 0.0002,
    "unknown": 0.9996,
    "prediction_ratio": 0.0,
    "actual_ratio": 0.5082,
    "begin_time": 1731167064.4221842,
    "end_time": 1731167101.977442,
    "total_time": 37.55525779724121
}