{
    "description": "detailed_left_base_torch.float16",
    "accuracy": 0.7804,
    "unknown": 0.0008,
    "prediction_ratio": 0.5520416333066454,
    "actual_ratio": 0.5074000000000001,
    "begin_time": 1731161847.858851,
    "end_time": 1731161912.7121553,
    "total_time": 64.85330438613892
}