{
    "description": "simple_right_small_torch.float16",
    "accuracy": 0.0,
    "unknown": 0.9998,
    "prediction_ratio": 1.0,
    "actual_ratio": 0.503,
    "begin_time": 1731164774.7697723,
    "end_time": 1731164882.3939905,
    "total_time": 107.62421822547913
}