{
    "description": "detailed_right_base_torch.float16",
    "accuracy": 0.7728,
    "unknown": 0.0,
    "prediction_ratio": 0.5468,
    "actual_ratio": 0.5072,
    "begin_time": 1731166126.8110976,
    "end_time": 1731166210.318802,
    "total_time": 83.50770449638367
}