{
    "description": "detailed_right_small_torch.float32",
    "accuracy": 0.7554,
    "unknown": 0.0,
    "prediction_ratio": 0.5246,
    "actual_ratio": 0.5032,
    "begin_time": 1731167124.809025,
    "end_time": 1731167150.6233582,
    "total_time": 25.814333200454712
}