{
    "description": "detailed_left_base_torch.float32",
    "accuracy": 0.7818,
    "unknown": 0.0004,
    "prediction_ratio": 0.5454181672669067,
    "actual_ratio": 0.49639999999999995,
    "begin_time": 1731163679.8534935,
    "end_time": 1731163748.4540596,
    "total_time": 68.60056614875793
}