{"description": "detailed_right_base_torch.float32", "accuracy": 0.7818, "unknown": 0.0, "prediction_ratio": 0.545, "actual_ratio": 0.5, "begin_time": 1731167899.379108, "end_time": 1731167973.102837, "total_time": 73.72372913360596}