{"description": "hybrid_left_small_torch.float32", "accuracy": 0.756, "unknown": 0.0, "begin_time": 1731013887.245408, "end_time": 1731013909.0916622, "total_time": 21.846254110336304}