{"description": "hybrid_left_base_torch.float32", "accuracy": 0.7802, "unknown": 0.0, "begin_time": 1731014488.0388274, "end_time": 1731014535.8081067, "total_time": 47.76927924156189}