{"description": "hybrid_right_small_torch.float16", "accuracy": 0.7582, "unknown": 0.0, "prediction_ratio": 0.5334, "actual_ratio": 0.498, "begin_time": 1731165109.9704623, "end_time": 1731165170.2752118, "total_time": 60.304749488830566}