{"description": "simple_right_small_torch.float32", "accuracy": 0.0, "unknown": 1.0, "prediction_ratio": null, "actual_ratio": 0.489, "begin_time": 1731167150.7111175, "end_time": 1731167189.2101743, "total_time": 38.499056816101074}