{"description": "detailed_left_base_torch.float16", "accuracy": 0.7816, "unknown": 0.0012, "begin_time": 1731013450.3347611, "end_time": 1731013508.2528734, "total_time": 57.91811227798462}