{"description": "simple_right_base_torch.float16", "accuracy": 0.0356, "unknown": 0.9578, "prediction_ratio": 0.6066350710900474, "actual_ratio": 0.4802, "begin_time": 1731166210.4534428, "end_time": 1731166340.9654603, "total_time": 130.51201748847961}