{"description": "simple_right_base_torch.float32", "accuracy": 0.0378, "unknown": 0.9544, "begin_time": 1731016845.5529838, "end_time": 1731016913.7775867, "total_time": 68.22460293769836}