{"description": "hybrid_right_base_torch.float32", "accuracy": 0.7708, "unknown": 0.0, "begin_time": 1731017165.6041842, "end_time": 1731017213.3505173, "total_time": 47.74633312225342}