{"description": "detailed_left_small_torch.float16", "accuracy": 0.756, "unknown": 0.0, "begin_time": 1731012675.361449, "end_time": 1731012700.380634, "total_time": 25.019185066223145}