{"description": "hybrid_left_base_torch.float16", "accuracy": 0.7804, "unknown": 0.0, "begin_time": 1731013194.1806977, "end_time": 1731013243.628862, "total_time": 49.448164224624634}