{"description": "detailed_right_small_torch.float16", "accuracy": 0.7608, "unknown": 0.0, "begin_time": 1731015331.5141776, "end_time": 1731015356.7944298, "total_time": 25.28025221824646}