{"description": "simple_right_base_torch.float32", "accuracy": 0.0342, "unknown": 0.9574, "prediction_ratio": 0.5821596244131455, "actual_ratio": 0.48, "begin_time": 1731167751.121471, "end_time": 1731167839.1311364, "total_time": 88.00966548919678}