{"description": "detailed_left_base_torch.float32", "accuracy": 0.7816, "unknown": 0.0012, "begin_time": 1731014736.9123528, "end_time": 1731014794.6350055, "total_time": 57.72265267372131}