{"description": "hybrid_left_base_torch.float16", "accuracy": 0.7816, "unknown": 0.0, "prediction_ratio": 0.54, "actual_ratio": 0.4856, "begin_time": 1731162027.6857228, "end_time": 1731162091.3923743, "total_time": 63.70665144920349}