{"description": "detailed_left_small_torch.float32", "accuracy": 0.7556, "unknown": 0.0, "begin_time": 1731013998.9333668, "end_time": 1731014023.964435, "total_time": 25.031068325042725}