{"description": "simple_left_small_torch.float32", "accuracy": 0.0004, "unknown": 0.9996, "begin_time": 1731013720.2313046, "end_time": 1731013756.5696168, "total_time": 36.33831214904785}