{"description": "simple_left_small_torch.float16", "accuracy": 0.0004, "unknown": 0.9996, "begin_time": 1731012365.5974379, "end_time": 1731012407.1438892, "total_time": 41.54645133018494}