{"description": "detailed_left_base_torch.float32", "accuracy": 0.7862, "unknown": 0.0014, "prediction_ratio": 0.5413579010614861, "actual_ratio": 0.4974, "begin_time": 1731163904.227529, "end_time": 1731163971.6652055, "total_time": 67.43767642974854}