{"description": "simple_left_base_torch.float32", "accuracy": 0.0456, "unknown": 0.9388, "begin_time": 1731014166.4899993, "end_time": 1731014235.0471368, "total_time": 68.55713748931885}