{"description": "detailed_right_small_torch.float32", "accuracy": 0.7602, "unknown": 0.0, "begin_time": 1731016675.191644, "end_time": 1731016700.2941394, "total_time": 25.102495431900024}