{"description": "detailed_right_base_torch.float32", "accuracy": 0.782, "unknown": 0.0, "begin_time": 1731017416.931549, "end_time": 1731017477.0807114, "total_time": 60.14916229248047}