{"description": "simple_left_base_torch.float32", "accuracy": 0.042, "unknown": 0.943, "prediction_ratio": 0.7508771929824561, "actual_ratio": 0.5016, "begin_time": 1731163748.5877023, "end_time": 1731163846.5567384, "total_time": 97.96903610229492}