{"description": "simple_right_small_torch.float16", "accuracy": 0.0002, "unknown": 0.9996, "begin_time": 1731015014.8015254, "end_time": 1731015057.5891137, "total_time": 42.787588357925415}