{"description": "simple_right_base_torch.float16", "accuracy": 0.0376, "unknown": 0.9546, "begin_time": 1731015507.8392842, "end_time": 1731015581.3956037, "total_time": 73.55631947517395}