{"description": "simple_left_base_torch.float16", "accuracy": 0.0452, "unknown": 0.9396, "begin_time": 1731012850.6527042, "end_time": 1731012923.4782896, "total_time": 72.82558536529541}