{"description": "detailed_right_base_torch.float16", "accuracy": 0.782, "unknown": 0.0, "begin_time": 1731016110.763891, "end_time": 1731016171.080303, "total_time": 60.3164119720459}