{"description": "detailed_left_small_torch.float16", "accuracy": 0.753, "unknown": 0.0002, "prediction_ratio": 0.5727145429085817, "actual_ratio": 0.5032, "begin_time": 1731161115.056207, "end_time": 1731161159.1153936, "total_time": 44.059186697006226}