{"description": "simple_right_small_torch.float32", "accuracy": 0.0002, "unknown": 0.9996, "begin_time": 1731016390.440337, "end_time": 1731016427.2351677, "total_time": 36.79483079910278}