{"description": "hybrid_right_small_torch.float32", "accuracy": 0.7494, "unknown": 0.0, "prediction_ratio": 0.5324, "actual_ratio": 0.495, "begin_time": 1731167189.2171538, "end_time": 1731167212.2545564, "total_time": 23.037402629852295}