{"description": "hybrid_right_small_torch.float32", "accuracy": 0.7592, "unknown": 0.0, "begin_time": 1731016561.4532752, "end_time": 1731016583.6389523, "total_time": 22.18567705154419}