{"description": "hybrid_left_base_torch.float32", "accuracy": 0.79, "unknown": 0.0, "prediction_ratio": 0.5314, "actual_ratio": 0.5034, "begin_time": 1731163846.5657146, "end_time": 1731163904.2195501, "total_time": 57.65383553504944}