{"description": "detailed_left_base_torch.float16", "accuracy": 0.7736, "unknown": 0.001, "prediction_ratio": 0.5475475475475475, "actual_ratio": 0.496, "begin_time": 1731162091.4003527, "end_time": 1731162154.4328074, "total_time": 63.0324547290802}