{"description": "hybrid_right_small_torch.float16", "accuracy": 0.7596, "unknown": 0.0, "begin_time": 1731015209.4360826, "end_time": 1731015234.5549183, "total_time": 25.11883568763733}