{"description": "hybrid_left_small_torch.float16", "accuracy": 0.756, "unknown": 0.0, "begin_time": 1731012555.6904333, "end_time": 1731012579.5335877, "total_time": 23.843154430389404}