{"description": "hybrid_right_base_torch.float16", "accuracy": 0.7708, "unknown": 0.0, "begin_time": 1731015851.2166193, "end_time": 1731015900.94704, "total_time": 49.7304208278656}