{"experiment_config": {"rank": 8, "alpha": 16, "modules": ["o"]}, "accuracy": 0.7388, "unknown": 0.0006, "pred_ratio": 0.6165699419651791, "actual_ratio": 0.5044, "begin_time": 1731267352.677753, "end_time": 1731272762.842124, "total_time": 5410.164371013641}