{
    "description": "detailed_left_small_torch.float32",
    "accuracy": 0.7496,
    "unknown": 0.0004,
    "prediction_ratio": 0.5648259303721489,
    "actual_ratio": 0.49939999999999996,
    "begin_time": 1731163481.7977204,
    "end_time": 1731163518.956358,
    "total_time": 37.15863752365112
}