{
    "description": "detailed_left_small_torch.float16",
    "accuracy": 0.759,
    "unknown": 0.0,
    "prediction_ratio": 0.5576,
    "actual_ratio": 0.4918,
    "begin_time": 1731161629.375943,
    "end_time": 1731161674.989973,
    "total_time": 45.61403012275696
}