{
    "description": "detailed_left_base_torch.float16",
    "accuracy": 0.7884,
    "unknown": 0.0014,
    "prediction_ratio": 0.552573603044262,
    "actual_ratio": 0.5052,
    "begin_time": 1731162772.4985914,
    "end_time": 1731162834.8982701,
    "total_time": 62.3996787071228
}