{
    "description": "simple_left_base_torch.float32",
    "accuracy": 0.048,
    "unknown": 0.9394,
    "prediction_ratio": 0.7623762376237624,
    "actual_ratio": 0.4978,
    "begin_time": 1731164492.9782684,
    "end_time": 1731164621.170488,
    "total_time": 128.1922197341919
}