{
    "description": "hybrid_left_small_torch.float16",
    "accuracy": 0.761,
    "unknown": 0.0,
    "prediction_ratio": 0.5388,
    "actual_ratio": 0.5002,
    "begin_time": 1731161582.5491545,
    "end_time": 1731161629.3639753,
    "total_time": 46.814820766448975
}