{
    "description": "simple_right_base_torch.float16",
    "accuracy": 0.0354,
    "unknown": 0.9588,
    "prediction_ratio": 0.5533980582524272,
    "actual_ratio": 0.4952,
    "begin_time": 1731166877.6846628,
    "end_time": 1731166952.4928026,
    "total_time": 74.80813980102539
}