{
    "description": "hybrid_left_small_torch.float32",
    "accuracy": 0.7578,
    "unknown": 0.0,
    "prediction_ratio": 0.543,
    "actual_ratio": 0.5008,
    "begin_time": 1731163444.4964602,
    "end_time": 1731163481.7907374,
    "total_time": 37.29427719116211
}