{
    "description": "detailed_left_base_torch.float32",
    "accuracy": 0.7758,
    "unknown": 0.0002,
    "prediction_ratio": 0.5581116223244649,
    "actual_ratio": 0.5048,
    "begin_time": 1731164693.0363228,
    "end_time": 1731164772.689335,
    "total_time": 79.6530122756958
}