{
    "description": "hybrid_right_small_torch.float32",
    "accuracy": 0.7486,
    "unknown": 0.0,
    "prediction_ratio": 0.5322,
    "actual_ratio": 0.5016,
    "begin_time": 1731167448.3444664,
    "end_time": 1731167470.5250363,
    "total_time": 22.180569887161255
}