{
    "description": "simple_left_small_torch.float32",
    "accuracy": 0.0002,
    "unknown": 0.9998,
    "prediction_ratio": 0.0,
    "actual_ratio": 0.5048,
    "begin_time": 1731163376.8992124,
    "end_time": 1731163444.4844923,
    "total_time": 67.58527994155884
}