{"experiment_config": {"rank": 8, "alpha": 16, "modules": ["o"]}, "accuracy": 0.0, "unknown": 0.12508756129290505, "begin_time": 1731257684.193503, "end_time": 1731259292.059586}