{"experiment_config": {"rank": 8, "alpha": 16, "modules": ["o"]}, "accuracy": 0.7388, "unknown": 0.0006, "pred_ratio": 0.6165699419651791, "actual_ratio": 0.5044, "begin_time": 1731262081.3023481, "end_time": 1731267352.6396532, "total_time": 5271.33730506897}