{
  "best_metric": null,
  "best_model_checkpoint": null,
  "epoch": 2.0,
  "eval_steps": 500,
  "global_step": 314,
  "is_hyper_param_search": false,
  "is_local_process_zero": true,
  "is_world_process_zero": true,
  "log_history": [
    {
      "epoch": 0.40764331210191085,
      "grad_norm": 12.988203048706055,
      "learning_rate": 7.961783439490447e-05,
      "loss": 50.1587,
      "step": 64
    },
    {
      "epoch": 0.8152866242038217,
      "grad_norm": 29.22885513305664,
      "learning_rate": 5.923566878980892e-05,
      "loss": 35.1228,
      "step": 128
    },
    {
      "epoch": 1.2229299363057324,
      "grad_norm": 23.471017837524414,
      "learning_rate": 3.885350318471338e-05,
      "loss": 24.2756,
      "step": 192
    },
    {
      "epoch": 1.6305732484076434,
      "grad_norm": 21.100801467895508,
      "learning_rate": 1.8471337579617834e-05,
      "loss": 17.6559,
      "step": 256
    }
  ],
  "logging_steps": 64,
  "max_steps": 314,
  "num_input_tokens_seen": 0,
  "num_train_epochs": 2,
  "save_steps": 256,
  "stateful_callbacks": {
    "TrainerControl": {
      "args": {
        "should_epoch_stop": false,
        "should_evaluate": false,
        "should_log": false,
        "should_save": true,
        "should_training_stop": true
      },
      "attributes": {}
    }
  },
  "total_flos": 225741742080000.0,
  "train_batch_size": 32,
  "trial_name": null,
  "trial_params": null
}
