{
    "description": "hybrid_left_base_torch.float16",
    "accuracy": 0.79,
    "unknown": 0.0,
    "prediction_ratio": 0.5232,
    "actual_ratio": 0.4968,
    "begin_time": 1731162258.8183358,
    "end_time": 1731162320.4265985,
    "total_time": 61.60826277732849
}