{
    "description": "simple_left_small_torch.float32",
    "accuracy": 0.0,
    "unknown": 0.9998,
    "prediction_ratio": 1.0,
    "actual_ratio": 0.5024,
    "begin_time": 1731163098.7595375,
    "end_time": 1731163162.2078788,
    "total_time": 63.448341369628906
}