{
    "description": "simple_left_base_torch.float16",
    "accuracy": 0.042,
    "unknown": 0.9412,
    "prediction_ratio": 0.7721088435374149,
    "actual_ratio": 0.5024,
    "begin_time": 1731162154.5295634,
    "end_time": 1731162258.8093593,
    "total_time": 104.27979588508606
}