{
    "description": "detailed_left_small_torch.float16",
    "accuracy": 0.7446,
    "unknown": 0.0002,
    "prediction_ratio": 0.5659131826365273,
    "actual_ratio": 0.49839999999999995,
    "begin_time": 1731161288.1583607,
    "end_time": 1731161332.0330417,
    "total_time": 43.87468099594116
}