{
    "description": "simple_right_base_torch.float16",
    "accuracy": 0.0396,
    "unknown": 0.953,
    "prediction_ratio": 0.6,
    "actual_ratio": 0.5054000000000001,
    "begin_time": 1731166498.8951662,
    "end_time": 1731166581.0129342,
    "total_time": 82.11776804924011
}