{
    "description": "hybrid_left_small_torch.float32",
    "accuracy": 0.7588,
    "unknown": 0.0002,
    "prediction_ratio": 0.541508301660332,
    "actual_ratio": 0.515,
    "begin_time": 1731163162.2178524,
    "end_time": 1731163197.9268472,
    "total_time": 35.70899486541748
}