{"experiment_config": {"rank": 8, "alpha": 32, "modules": ["q"]}, "accuracy": 0.0, "unknown": 1.0, "pred_ratio": null, "actual_ratio": 0.5044, "begin_time": 1731272762.920824, "end_time": 1731278650.394109, "total_time": 5887.473284959793}