{"experiment_config": {"rank": 8, "alpha": 16, "modules": ["k", "q"]}, "accuracy": 0.77, "unknown": 0.0, "prediction_ratio": 0.6, "actual_ratio": 0.44999999999999996, "begin_time": 1731430201.834996, "end_time": 1731430247.140694, "total_time": 45.30569791793823}