{"experiment_config": {"rank": 8, "alpha": 16, "modules": ["o"]}, "accuracy": 0.738, "unknown": 0.0, "prediction_ratio": 0.641, "actual_ratio": 0.49660000000000004, "begin_time": 1731492633.4486668, "end_time": 1731494663.880568, "total_time": 2030.431901216507}