{"experiment_config": {"rank": 8, "alpha": 32, "modules": ["k", "q"]}, "accuracy": 0.736, "unknown": 0.0, "prediction_ratio": 0.6364, "actual_ratio": 0.5, "begin_time": 1731497005.7230852, "end_time": 1731499846.485777, "total_time": 2840.7626917362213}