{
    "description": "simple_left_small_torch.float16",
    "accuracy": 0.0002,
    "unknown": 0.9998,
    "prediction_ratio": 1.0,
    "actual_ratio": 0.49119999999999997,
    "begin_time": 1731160987.6498857,
    "end_time": 1731161070.5302665,
    "total_time": 82.88038086891174
}