{
    "description": "detailed_right_small_torch.float16",
    "accuracy": 0.7498,
    "unknown": 0.0,
    "prediction_ratio": 0.5346,
    "actual_ratio": 0.5072,
    "begin_time": 1731165170.2851849,
    "end_time": 1731165229.302376,
    "total_time": 59.01719117164612
}