{
    "description": "hybrid_left_small_torch.float32",
    "accuracy": 0.758,
    "unknown": 0.0,
    "prediction_ratio": 0.5426,
    "actual_ratio": 0.49219999999999997,
    "begin_time": 1731163026.0020862,
    "end_time": 1731163061.8163195,
    "total_time": 35.81423330307007
}