{
    "description": "detailed_left_small_torch.float32",
    "accuracy": 0.7598,
    "unknown": 0.0,
    "prediction_ratio": 0.551,
    "actual_ratio": 0.49439999999999995,
    "begin_time": 1731163061.8242993,
    "end_time": 1731163098.6069443,
    "total_time": 36.78264498710632
}