{
    "description": "hybrid_right_base_torch.float32",
    "accuracy": 0.7762,
    "unknown": 0.0,
    "prediction_ratio": 0.5524,
    "actual_ratio": 0.5022,
    "begin_time": 1731167839.1371255,
    "end_time": 1731167899.3711302,
    "total_time": 60.234004735946655
}