{
    "description": "few_shot_large_torch.float16_2_50",
    "accuracy": 0.8336,
    "unknown": 0.0,
    "prediction_ratio": 0.5396,
    "actual_ratio": 0.5032,
    "begin_time": 1731502525.8163338,
    "end_time": 1731504511.2739568,
    "total_time": 1985.4576230049133,
    "trunc": 50
}