{
    "description": "few_shot_base_torch.float16_2_100",
    "accuracy": 0.8302,
    "unknown": 0.0,
    "prediction_ratio": 0.5886,
    "actual_ratio": 0.5032,
    "begin_time": 1731172948.6654587,
    "end_time": 1731173325.6291022,
    "total_time": 376.9636435508728,
    "trunc": 100
}