{
    "description": "few_shot_large_torch.float32_2_50",
    "accuracy": 0.8358,
    "unknown": 0.0,
    "prediction_ratio": 0.5306,
    "actual_ratio": 0.49839999999999995,
    "begin_time": 1731516614.072964,
    "end_time": 1731525188.6243744,
    "total_time": 8574.55141043663,
    "trunc": 50
}