{
    "description": "few_shot_base_torch.float32_4_50",
    "accuracy": 0.7684,
    "unknown": 0.0,
    "prediction_ratio": 0.581,
    "actual_ratio": 0.5005999999999999,
    "begin_time": 1731539737.189911,
    "end_time": 1731540077.836786,
    "total_time": 340.64687514305115,
    "trunc": 50
}