{"description": "few_shot_small_torch.float16_6", "accuracy": 0.4926, "unknown": 0.0212, "prediction_ratio": 0.9411524315488353, "actual_ratio": 0.5054000000000001, "begin_time": 1731223012.2276702, "end_time": 1731223130.0177069, "total_time": 117.79003667831421}