{"description": "few_shot_large_torch.float16_2", "accuracy": 0.8862, "unknown": 0.0, "prediction_ratio": 0.5356, "actual_ratio": 0.505, "begin_time": 1731175646.7628744, "end_time": 1731176864.0185034, "total_time": 1217.2556290626526}