{"description": "few_shot_large_torch.float32_2", "accuracy": 0.8892, "unknown": 0.0, "prediction_ratio": 0.5378, "actual_ratio": 0.5034000000000001, "begin_time": 1731190821.3217404, "end_time": 1731198848.420401, "total_time": 8027.098660707474}