{"description": "few_shot_base_torch.float32_6", "accuracy": 0.4288, "unknown": 0.1566, "prediction_ratio": 0.9734408347166232, "actual_ratio": 0.504, "begin_time": 1731234910.8277564, "end_time": 1731235363.5272596, "total_time": 452.69950318336487}