{"description": "few_shot_base_torch.float32_2", "accuracy": 0.8224, "unknown": 0.0, "prediction_ratio": 0.5964, "actual_ratio": 0.4988, "begin_time": 1731181398.3113747, "end_time": 1731181739.0662131, "total_time": 340.7548384666443}