{"description": "few_shot_large_torch.float32_6", "accuracy": 0.0228, "unknown": 0.9524, "prediction_ratio": 0.9831932773109243, "actual_ratio": 0.5078, "begin_time": 1731249837.588556, "end_time": 1731262864.08787, "total_time": 13026.49931383133}