{"description": "few_shot_large_torch.float16_6", "accuracy": 0.027, "unknown": 0.942, "prediction_ratio": 0.9862068965517241, "actual_ratio": 0.5058, "begin_time": 1731227475.8835812, "end_time": 1731229026.2424676, "total_time": 1550.3588864803314}