{"experiment_config": {"rank": 16, "alpha": 32, "modules": ["k", "q"]}, "accuracy": 0.7388, "unknown": 0.0002, "prediction_ratio": 0.6405281056211243, "actual_ratio": 0.5008, "begin_time": 1731821050.495842, "end_time": 1731826853.426603, "total_time": 5802.930761098862}