{"experiment_config": {"rank": 16, "alpha": 32, "modules": ["k", "q"]}, "accuracy": 0.0, "unknown": 1.0, "prediction_ratio": null, "actual_ratio": 0.43000000000000005, "begin_time": 1731430429.601179, "end_time": 1731430545.192087, "total_time": 115.59090805053711}