{
    "description": "simple_right_base_torch.float32",
    "accuracy": 0.0372,
    "unknown": 0.9558,
    "prediction_ratio": 0.579185520361991,
    "actual_ratio": 0.5058,
    "begin_time": 1731168211.9143682,
    "end_time": 1731168315.5322993,
    "total_time": 103.61793112754822
}