{
    "description": "hybrid_left_small_torch.float32",
    "accuracy": 0.753,
    "unknown": 0.0002,
    "prediction_ratio": 0.5357071414282857,
    "actual_ratio": 0.49139999999999995,
    "begin_time": 1731163299.3496475,
    "end_time": 1731163339.3187003,
    "total_time": 39.96905279159546
}