{
    "description": "simple_left_small_torch.float16",
    "accuracy": 0.0,
    "unknown": 0.9996,
    "prediction_ratio": 0.5,
    "actual_ratio": 0.5034000000000001,
    "begin_time": 1731161332.1607006,
    "end_time": 1731161413.6707478,
    "total_time": 81.51004719734192
}