{
    "description": "detailed_right_small_torch.float32",
    "accuracy": 0.7628,
    "unknown": 0.0,
    "prediction_ratio": 0.542,
    "actual_ratio": 0.5072,
    "begin_time": 1731167385.3458617,
    "end_time": 1731167410.6191409,
    "total_time": 25.273279190063477
}