{
    "description": "detailed_left_small_torch.float16",
    "accuracy": 0.7628,
    "unknown": 0.0002,
    "prediction_ratio": 0.5611122224444889,
    "actual_ratio": 0.5005999999999999,
    "begin_time": 1731161457.8545828,
    "end_time": 1731161502.617888,
    "total_time": 44.76330518722534
}