{
    "description": "detailed_right_small_torch.float16",
    "accuracy": 0.752,
    "unknown": 0.0,
    "prediction_ratio": 0.525,
    "actual_ratio": 0.503,
    "begin_time": 1731165626.6484642,
    "end_time": 1731165686.6151166,
    "total_time": 59.966652393341064
}