{
    "description": "hybrid_right_base_torch.float32",
    "accuracy": 0.7776,
    "unknown": 0.0,
    "prediction_ratio": 0.5564,
    "actual_ratio": 0.4968,
    "begin_time": 1731168315.541274,
    "end_time": 1731168374.5235708,
    "total_time": 58.98229670524597
}