{
    "description": "hybrid_right_small_torch.float16",
    "accuracy": 0.747,
    "unknown": 0.0,
    "prediction_ratio": 0.5318,
    "actual_ratio": 0.49,
    "begin_time": 1731165565.5667922,
    "end_time": 1731165626.640486,
    "total_time": 61.07369375228882
}