{
    "description": "simple_left_base_torch.float32",
    "accuracy": 0.044,
    "unknown": 0.943,
    "prediction_ratio": 0.7473684210526316,
    "actual_ratio": 0.507,
    "begin_time": 1731164216.0497596,
    "end_time": 1731164344.2330048,
    "total_time": 128.18324518203735
}