{
    "description": "few_shot_base_torch.float16_2_100",
    "accuracy": 0.831,
    "unknown": 0.0,
    "prediction_ratio": 0.5974,
    "actual_ratio": 0.5096,
    "begin_time": 1731172556.0832539,
    "end_time": 1731172942.18379,
    "total_time": 386.10053610801697,
    "trunc": 100
}