{
    "description": "few_shot_large_torch.float32_2_100",
    "accuracy": 0.8868,
    "unknown": 0.0,
    "prediction_ratio": 0.5336,
    "actual_ratio": 0.5024,
    "begin_time": 1731182781.4587796,
    "end_time": 1731190818.0575004,
    "total_time": 8036.598720788956,
    "trunc": 100
}