{
    "description": "few_shot_small_torch.float16_4_50",
    "accuracy": 0.7268,
    "unknown": 0.0,
    "prediction_ratio": 0.6256,
    "actual_ratio": 0.5028,
    "begin_time": 1731533678.6405225,
    "end_time": 1731533780.7194922,
    "total_time": 102.07896971702576,
    "trunc": 50
}