{
    "description": "few_shot_base_torch.float32_4_50",
    "accuracy": 0.7682,
    "unknown": 0.0,
    "prediction_ratio": 0.5864,
    "actual_ratio": 0.4898,
    "begin_time": 1731539366.3147326,
    "end_time": 1731539731.2935238,
    "total_time": 364.97879123687744,
    "trunc": 50
}