{
    "description": "few_shot_base_torch.float16_2_50",
    "accuracy": 0.7726,
    "unknown": 0.0,
    "prediction_ratio": 0.564,
    "actual_ratio": 0.5025999999999999,
    "begin_time": 1731499452.4380634,
    "end_time": 1731499809.601524,
    "total_time": 357.16346073150635,
    "trunc": 50
}