{
    "description": "few_shot_small_torch.float16_2_100",
    "accuracy": 0.7532,
    "unknown": 0.0,
    "prediction_ratio": 0.6518,
    "actual_ratio": 0.5025999999999999,
    "begin_time": 1731171988.8374918,
    "end_time": 1731172099.7372422,
    "total_time": 110.89975047111511,
    "trunc": 100
}