{"description": "simple_left_base_torch.float32", "accuracy": 0.0456, "unknown": 0.9388, "begin_time": 1731014303.4342742, "end_time": 1731014371.7727175, "total_time": 68.33844327926636}