{"description": "hybrid_left_base_torch.float16", "accuracy": 0.7804, "unknown": 0.0, "begin_time": 1731013293.1958232, "end_time": 1731013342.8482542, "total_time": 49.65243101119995}