{"description": "hybrid_right_small_torch.float32", "accuracy": 0.7508, "unknown": 0.0002, "prediction_ratio": 0.5367073414682937, "actual_ratio": 0.4962, "begin_time": 1731167362.4639013, "end_time": 1731167385.339876, "total_time": 22.875974655151367}