{"description": "hybrid_right_small_torch.float16", "accuracy": 0.7596, "unknown": 0.0, "begin_time": 1731015258.4182365, "end_time": 1731015282.4717689, "total_time": 24.053532361984253}