{"description": "detailed_left_small_torch.float32", "accuracy": 0.7584, "unknown": 0.0, "prediction_ratio": 0.5636, "actual_ratio": 0.5008, "begin_time": 1731163339.3266788, "end_time": 1731163376.7775373, "total_time": 37.45085859298706}