{"description": "detailed_left_base_torch.float32", "accuracy": 0.7836, "unknown": 0.0008, "prediction_ratio": 0.5460368294635709, "actual_ratio": 0.4938, "begin_time": 1731164414.2039056, "end_time": 1731164492.821686, "total_time": 78.61778044700623}