{"description": "detailed_right_base_torch.float16", "accuracy": 0.782, "unknown": 0.0, "begin_time": 1731016231.360755, "end_time": 1731016291.7042475, "total_time": 60.34349250793457}