{"description": "hybrid_left_base_torch.float32", "accuracy": 0.7822, "unknown": 0.0002, "prediction_ratio": 0.534506901380276, "actual_ratio": 0.4994, "begin_time": 1731164344.2429776, "end_time": 1731164414.1939323, "total_time": 69.95095467567444}