{"description": "hybrid_left_base_torch.float32", "accuracy": 0.7802, "unknown": 0.0, "begin_time": 1731014583.6202486, "end_time": 1731014631.385525, "total_time": 47.76527643203735}