{"description": "hybrid_right_small_torch.float32", "accuracy": 0.7592, "unknown": 0.0, "begin_time": 1731016605.7328742, "end_time": 1731016627.8726892, "total_time": 22.139815092086792}