{"description": "simple_right_small_torch.float32", "accuracy": 0.0002, "unknown": 0.9996, "begin_time": 1731016464.8386278, "end_time": 1731016502.144862, "total_time": 37.30623412132263}