{"description": "simple_right_small_torch.float16", "accuracy": 0.0002, "unknown": 0.9996, "begin_time": 1731015100.2490427, "end_time": 1731015142.576861, "total_time": 42.327818155288696}