{"description": "hybrid_left_small_torch.float16", "accuracy": 0.756, "unknown": 0.0, "begin_time": 1731012603.213366, "end_time": 1731012626.8344388, "total_time": 23.62107276916504}