{"description": "simple_left_base_torch.float16", "accuracy": 0.0452, "unknown": 0.9396, "begin_time": 1731012996.7268112, "end_time": 1731013070.2135177, "total_time": 73.48670649528503}