{"description": "hybrid_left_small_torch.float16", "accuracy": 0.759, "unknown": 0.0, "prediction_ratio": 0.5456, "actual_ratio": 0.4962, "begin_time": 1731161413.6807208, "end_time": 1731161457.8456054, "total_time": 44.16488456726074}