{"description": "detailed_left_small_torch.float16", "accuracy": 0.756, "unknown": 0.0, "begin_time": 1731012725.395755, "end_time": 1731012750.366463, "total_time": 24.970707893371582}