{"description": "simple_right_base_torch.float16", "accuracy": 0.0376, "unknown": 0.9546, "begin_time": 1731015655.1174016, "end_time": 1731015728.201662, "total_time": 73.0842604637146}