{"description": "detailed_right_small_torch.float16", "accuracy": 0.7608, "unknown": 0.0, "begin_time": 1731015382.1302676, "end_time": 1731015407.4574792, "total_time": 25.327211618423462}