{"description": "hybrid_right_base_torch.float32", "accuracy": 0.7708, "unknown": 0.0, "begin_time": 1731017261.0064833, "end_time": 1731017308.6979585, "total_time": 47.69147515296936}