{"description": "hybrid_left_small_torch.float32", "accuracy": 0.756, "unknown": 0.0, "begin_time": 1731013930.870028, "end_time": 1731013952.6116028, "total_time": 21.74157476425171}