{"description": "detailed_left_base_torch.float16", "accuracy": 0.7772, "unknown": 0.0018, "prediction_ratio": 0.54618312963334, "actual_ratio": 0.4942, "begin_time": 1731162545.7481418, "end_time": 1731162612.0987294, "total_time": 66.35058760643005}