{"description": "hybrid_right_base_torch.float16", "accuracy": 0.7708, "unknown": 0.0, "begin_time": 1731015950.8347583, "end_time": 1731016000.6146128, "total_time": 49.77985453605652}