{"description": "detailed_left_small_torch.float32", "accuracy": 0.7556, "unknown": 0.0, "begin_time": 1731014048.4150581, "end_time": 1731014072.5385697, "total_time": 24.12351155281067}