{"description": "simple_left_small_torch.float16", "accuracy": 0.0004, "unknown": 0.9996, "begin_time": 1731012448.6786144, "end_time": 1731012490.4871852, "total_time": 41.808570861816406}