{"description": "simple_right_base_torch.float32", "accuracy": 0.0378, "unknown": 0.9544, "begin_time": 1731016981.7857046, "end_time": 1731017049.8257709, "total_time": 68.04006624221802}