{"description": "detailed_left_base_torch.float32", "accuracy": 0.7816, "unknown": 0.0012, "begin_time": 1731014852.4145088, "end_time": 1731014910.2109702, "total_time": 57.79646134376526}