{"description": "simple_left_small_torch.float32", "accuracy": 0.0004, "unknown": 0.9996, "begin_time": 1731013792.9049046, "end_time": 1731013829.2799199, "total_time": 36.37501525878906}