{"description": "detailed_right_base_torch.float32", "accuracy": 0.782, "unknown": 0.0, "begin_time": 1731017537.1121905, "end_time": 1731017597.2566216, "total_time": 60.14443111419678}