{"description": "hybrid_left_base_torch.float16", "accuracy": 0.7858, "unknown": 0.0, "prediction_ratio": 0.537, "actual_ratio": 0.4984, "begin_time": 1731162490.2487917, "end_time": 1731162545.7431552, "total_time": 55.49436354637146}