{"description": "detailed_right_base_torch.float16", "accuracy": 0.7852, "unknown": 0.0, "prediction_ratio": 0.53, "actual_ratio": 0.5016, "begin_time": 1731166816.8821177, "end_time": 1731166877.596896, "total_time": 60.71477818489075}