{"description": "hybrid_right_base_torch.float16", "accuracy": 0.7768, "unknown": 0.0, "prediction_ratio": 0.5712, "actual_ratio": 0.5004, "begin_time": 1731166766.684101, "end_time": 1731166816.876134, "total_time": 50.19203281402588}