{"description": "detailed_left_base_torch.float16", "accuracy": 0.7816, "unknown": 0.0012, "begin_time": 1731013566.2627144, "end_time": 1731013624.3618152, "total_time": 58.099100828170776}