{"description": "simple_right_small_torch.float32", "accuracy": 0.0002, "unknown": 0.9996, "prediction_ratio": 0.5, "actual_ratio": 0.5004, "begin_time": 1731167323.8172433, "end_time": 1731167362.458926, "total_time": 38.641682624816895}