{"description": "hybrid_left_greedy_torch.float32", "accuracy": 0.7299333333333333, "unknown": 0.0, "begin_time": 1730901342.8267474, "end_time": 1730901405.3316138, "total_time": 62.50486636161804}