{"description": "hybrid_right_beam_search_torch.float32", "accuracy": 0.7588, "unknown": 0.0, "begin_time": 1730901754.6683893, "end_time": 1730902089.7103555, "total_time": 335.0419661998749}