{"description": "detailed_right_beam_search_torch.float32", "accuracy": 0.7598, "unknown": 0.0, "begin_time": 1730902089.7202964, "end_time": 1730902429.4718416, "total_time": 339.75154519081116}