{"description": "hybrid_left_beam_search_torch.bfloat16", "accuracy": 0.7588, "unknown": 0.0, "begin_time": 1730905828.1160402, "end_time": 1730906158.6878028, "total_time": 330.5717625617981}