{"description": "hybrid_right_greedy_torch.bfloat16", "accuracy": 0.7343333333333333, "unknown": 6.666666666666667e-05, "begin_time": 1730907791.3359935, "end_time": 1730907854.0342503, "total_time": 62.698256731033325}