{"description": "simple_left_greedy_torch.bfloat16", "accuracy": 0.00046666666666666666, "unknown": 0.9994, "begin_time": 1730906490.5286534, "end_time": 1730906609.1235917, "total_time": 118.59493827819824}