{"description": "detailed_left_beam_search_torch.bfloat16", "accuracy": 0.7598, "unknown": 0.0, "begin_time": 1730906158.6988072, "end_time": 1730906490.5087063, "total_time": 331.8098990917206}