{"description": "detailed_right_greedy_torch.bfloat16", "accuracy": 0.7348, "unknown": 0.0002, "begin_time": 1730907854.043433, "end_time": 1730907921.4931564, "total_time": 67.44972348213196}