{"description": "detailed_left_beam_search_torch.float16", "accuracy": 0.7598, "unknown": 0.0, "begin_time": 1730903332.7748275, "end_time": 1730903667.2914581, "total_time": 334.51663064956665}