{"description": "simple_right_greedy_torch.bfloat16", "accuracy": 0.0002666666666666667, "unknown": 0.9995333333333334, "begin_time": 1730907672.0185142, "end_time": 1730907791.3218741, "total_time": 119.30335998535156}