{"description": "hybrid_right_beam_search_torch.float16", "accuracy": 0.7588, "unknown": 0.0, "begin_time": 1730904194.0494366, "end_time": 1730904526.024508, "total_time": 331.9750714302063}