{"description": "hybrid_left_greedy_torch.float16", "accuracy": 0.7341333333333333, "unknown": 0.0002, "begin_time": 1730903786.0189946, "end_time": 1730903848.5456169, "total_time": 62.52662229537964}