{"description": "detailed_right_beam_search_torch.bfloat16", "accuracy": 0.7598, "unknown": 0.0, "begin_time": 1730907342.013619, "end_time": 1730907672.0005913, "total_time": 329.98697233200073}