{"description": "simple_right_greedy_torch.float16", "accuracy": 0.0006, "unknown": 0.9992, "begin_time": 1730904863.8235736, "end_time": 1730904984.9580328, "total_time": 121.13445925712585}