{"description": "simple_right_beam_search_torch.bfloat16", "accuracy": 0.00013333333333333334, "unknown": 0.9996666666666667, "begin_time": 1730906738.409642, "end_time": 1730907012.3741474, "total_time": 273.96450543403625}