{"description": "detailed_left_greedy_torch.float32", "accuracy": 0.7310666666666666, "unknown": 0.0006, "begin_time": 1730901405.3416212, "end_time": 1730901472.8632438, "total_time": 67.52162265777588}