{"description": "simple_left_beam_search_torch.bfloat16", "accuracy": 0.00013333333333333334, "unknown": 0.9996666666666667, "begin_time": 1730905512.3709302, "end_time": 1730905828.1031063, "total_time": 315.73217606544495}