{"description": "simple_right_beam_search_torch.float16", "accuracy": 0.00013333333333333334, "unknown": 0.9996666666666667, "begin_time": 1730903915.9575934, "end_time": 1730904194.0264976, "total_time": 278.06890416145325}