{"description": "detailed_left_beam_search_torch.float32", "accuracy": 0.7598, "unknown": 0.0, "begin_time": 1730900888.5646815, "end_time": 1730901223.5306623, "total_time": 334.96598076820374}