{"description": "simple_right_beam_search_torch.float32", "accuracy": 0.00013333333333333334, "unknown": 0.9996666666666667, "begin_time": 1730901472.8841662, "end_time": 1730901754.6553056, "total_time": 281.77113938331604}