{"description": "simple_left_greedy_torch.float32", "accuracy": 0.0003333333333333333, "unknown": 0.9994666666666666, "begin_time": 1730901223.5526047, "end_time": 1730901342.8107986, "total_time": 119.25819396972656}