{"description": "detailed_left_greedy_torch.float16", "accuracy": 0.7346666666666667, "unknown": 0.0002666666666666667, "begin_time": 1730903848.555591, "end_time": 1730903915.9386318, "total_time": 67.3830406665802}