{"description": "hybrid_left_greedy_torch.bfloat16", "accuracy": 0.7343333333333333, "unknown": 0.0, "begin_time": 1730906609.1365573, "end_time": 1730906671.2046394, "total_time": 62.068082094192505}