{"description": "detailed_right_greedy_torch.float32", "accuracy": 0.7321333333333333, "unknown": 0.0005333333333333334, "begin_time": 1730902617.515945, "end_time": 1730902685.6570618, "total_time": 68.14111685752869}