{"description": "detailed_left_greedy_torch.bfloat16", "accuracy": 0.7281333333333333, "unknown": 0.0003333333333333333, "begin_time": 1730906671.2168443, "end_time": 1730906738.3846452, "total_time": 67.16780090332031}