{"description": "hybrid_left_beam_search_torch.float16", "accuracy": 0.7588, "unknown": 0.0, "begin_time": 1730902998.7510638, "end_time": 1730903332.7618723, "total_time": 334.010808467865}