{"description": "simple_right_greedy_torch.float32", "accuracy": 0.00046666666666666666, "unknown": 0.9993333333333333, "begin_time": 1730902429.4947681, "end_time": 1730902553.748901, "total_time": 124.25413274765015}