{"description": "hybrid_right_beam_search_torch.bfloat16", "accuracy": 0.7588, "unknown": 0.0, "begin_time": 1730907012.387239, "end_time": 1730907342.0026793, "total_time": 329.61544036865234}