{"description": "hybrid_right_greedy_torch.float16", "accuracy": 0.7362, "unknown": 0.0, "begin_time": 1730904984.9722219, "end_time": 1730905047.5737288, "total_time": 62.60150694847107}