{"description": "simple_left_beam_search_torch.float32", "accuracy": 0.00013333333333333334, "unknown": 0.9996666666666667, "begin_time": 1730900280.7089825, "end_time": 1730900559.1865244, "total_time": 278.47754192352295}