{"description": "hybrid_right_greedy_torch.float32", "accuracy": 0.7326666666666667, "unknown": 0.0, "begin_time": 1730902553.7618673, "end_time": 1730902617.4948523, "total_time": 63.73298501968384}