{"description": "simple_left_beam_search_torch.float16", "accuracy": 0.00013333333333333334, "unknown": 0.9996666666666667, "begin_time": 1730902716.725716, "end_time": 1730902998.7381306, "total_time": 282.0124144554138}