{"description": "hybrid_left_beam_search_torch.float32", "accuracy": 0.7588, "unknown": 0.0, "begin_time": 1730900559.198781, "end_time": 1730900888.5544128, "total_time": 329.3556318283081}