{"description": "detailed_right_beam_search_torch.float16", "accuracy": 0.7598, "unknown": 0.0, "begin_time": 1730904526.034451, "end_time": 1730904863.8056214, "total_time": 337.7711703777313}