{"description": "simple_left_greedy_torch.float16", "accuracy": 0.0005333333333333334, "unknown": 0.9993333333333333, "begin_time": 1730903667.311403, "end_time": 1730903786.0049536, "total_time": 118.69355058670044}