{"description": "detailed_right_greedy_torch.float16", "accuracy": 0.7366, "unknown": 0.0002, "begin_time": 1730905047.5837026, "end_time": 1730905115.2236035, "total_time": 67.63990092277527}