{"experiment_config": {"rank": 16, "alpha": 32, "modules": ["k", "q"]}, "accuracy": 0.7424, "unknown": 0.0002, "prediction_ratio": 0.6445289057811562, "actual_ratio": 0.5084, "begin_time": 1731826853.5354712, "end_time": 1731832597.8074298, "total_time": 5744.271958589554}