{"experiment_config": {"rank": 16, "alpha": 32, "modules": ["k", "q"]}, "accuracy": 0.0, "unknown": 1.0, "prediction_ratio": null, "actual_ratio": 0.51, "begin_time": 1731430547.0273862, "end_time": 1731430599.315868, "total_time": 52.28848171234131}