{"experiment_config": {"rank": 8, "alpha": 32, "modules": ["k", "q", "v"]}, "accuracy": 0.7442, "unknown": 0.0, "prediction_ratio": 0.6272, "actual_ratio": 0.493, "begin_time": 1731803790.151179, "end_time": 1731809430.1118562, "total_time": 5639.960677146912}