{"description": "few_shot_small_torch.float32_6", "accuracy": 0.488, "unknown": 0.0198, "prediction_ratio": 0.9434809222607631, "actual_ratio": 0.49660000000000004, "begin_time": 1731233785.4420414, "end_time": 1731233892.3933704, "total_time": 106.95132899284363}