{"description": "few_shot_large_torch.float32_6", "accuracy": 0.0286, "unknown": 0.9434, "prediction_ratio": 0.9611307420494699, "actual_ratio": 0.5044, "begin_time": 1731236830.731258, "end_time": 1731249830.802428, "total_time": 13000.071170091629}