{"description": "few_shot_base_torch.float32_2", "accuracy": 0.7862, "unknown": 0.0, "prediction_ratio": 0.5678, "actual_ratio": 0.5032, "begin_time": 1731506826.5309746, "end_time": 1731507167.3449771, "total_time": 340.8140025138855}