{"description": "few_shot_base_torch.float16_4", "accuracy": 0.7756, "unknown": 0.0, "prediction_ratio": 0.5924, "actual_ratio": 0.5016, "begin_time": 1731534010.455418, "end_time": 1731534365.6673343, "total_time": 355.2119162082672}