{"description": "few_shot_large_torch.float16_2", "accuracy": 0.8324, "unknown": 0.0, "prediction_ratio": 0.5364, "actual_ratio": 0.4992, "begin_time": 1731500535.1523457, "end_time": 1731502522.990685, "total_time": 1987.8383393287659}