{"description": "few_shot_large_torch.float32_2", "accuracy": 0.8322, "unknown": 0.0, "prediction_ratio": 0.5156, "actual_ratio": 0.491, "begin_time": 1731507883.0508487, "end_time": 1731516611.2734528, "total_time": 8728.222604036331}