{"description": "detailed_left_small_torch.float32", "accuracy": 0.7556, "unknown": 0.0, "begin_time": 1731013974.413145, "end_time": 1731013998.9293778, "total_time": 24.51623272895813}