{"description": "detailed_left_small_torch.float16", "accuracy": 0.76, "unknown": 0.0, "prediction_ratio": 0.5694, "actual_ratio": 0.4946, "begin_time": 1731160942.6232831, "end_time": 1731160987.504273, "total_time": 44.88098978996277}