{"description": "simple_right_base_torch.float16", "accuracy": 0.0364, "unknown": 0.9594, "prediction_ratio": 0.5615763546798029, "actual_ratio": 0.5096, "begin_time": 1731165917.7979882, "end_time": 1731166051.5363777, "total_time": 133.7383894920349}