{"description": "hybrid_left_base_torch.float16", "accuracy": 0.7804, "unknown": 0.0, "begin_time": 1731013144.9398215, "end_time": 1731013194.172718, "total_time": 49.23289656639099}