{"description": "hybrid_right_base_torch.float32", "accuracy": 0.7708, "unknown": 0.0, "begin_time": 1731017117.947639, "end_time": 1731017165.6001954, "total_time": 47.65255641937256}