{"description": "hybrid_left_small_torch.float16", "accuracy": 0.756, "unknown": 0.0, "begin_time": 1731012531.9258583, "end_time": 1731012555.6864426, "total_time": 23.760584354400635}