{"description": "simple_right_small_torch.float16", "accuracy": 0.0002, "unknown": 0.9996, "begin_time": 1731014971.974044, "end_time": 1731015014.797536, "total_time": 42.82349181175232}