{"description": "hybrid_right_small_torch.float32", "accuracy": 0.7592, "unknown": 0.0, "begin_time": 1731016539.4501104, "end_time": 1731016561.449287, "total_time": 21.999176502227783}