{"description": "simple_left_small_torch.float16", "accuracy": 0.0004, "unknown": 0.9996, "begin_time": 1731012322.7084606, "end_time": 1731012365.5904658, "total_time": 42.88200521469116}