{"description": "simple_left_small_torch.float32", "accuracy": 0.0004, "unknown": 0.9996, "prediction_ratio": 0.5, "actual_ratio": 0.5022, "begin_time": 1731162836.3368444, "end_time": 1731162890.378735, "total_time": 54.0418906211853}