{"description": "hybrid_left_small_torch.float32", "accuracy": 0.756, "unknown": 0.0, "begin_time": 1731013865.6096818, "end_time": 1731013887.241419, "total_time": 21.631737232208252}