{"description": "detailed_left_base_torch.float16", "accuracy": 0.7816, "unknown": 0.0012, "begin_time": 1731013392.3523366, "end_time": 1731013450.3287818, "total_time": 57.97644519805908}