{"description": "hybrid_right_small_torch.float16", "accuracy": 0.7532, "unknown": 0.0, "prediction_ratio": 0.5294, "actual_ratio": 0.503, "begin_time": 1731164882.4069555, "end_time": 1731164943.2422848, "total_time": 60.83532929420471}