{"description": "simple_left_base_torch.float16", "accuracy": 0.0452, "unknown": 0.9396, "begin_time": 1731012778.2162347, "end_time": 1731012850.6467204, "total_time": 72.43048572540283}