{"description": "simple_left_base_torch.float32", "accuracy": 0.0456, "unknown": 0.9388, "begin_time": 1731014098.449934, "end_time": 1731014166.4840138, "total_time": 68.03407979011536}