{"description": "hybrid_left_base_torch.float32", "accuracy": 0.7802, "unknown": 0.0, "begin_time": 1731014440.2895062, "end_time": 1731014488.0348384, "total_time": 47.74533224105835}