{"description": "detailed_right_base_torch.float16", "accuracy": 0.782, "unknown": 0.0, "begin_time": 1731016050.3958526, "end_time": 1731016110.758932, "total_time": 60.36307954788208}