{"description": "simple_right_small_torch.float32", "accuracy": 0.0002, "unknown": 0.9996, "begin_time": 1731016353.5295086, "end_time": 1731016390.4353518, "total_time": 36.90584325790405}