{"description": "detailed_right_small_torch.float16", "accuracy": 0.76, "unknown": 0.0, "prediction_ratio": 0.5304, "actual_ratio": 0.5068, "begin_time": 1731164943.2502637, "end_time": 1731165003.7554758, "total_time": 60.50521206855774}