{"description": "hybrid_right_base_torch.float16", "accuracy": 0.7708, "unknown": 0.0, "begin_time": 1731015801.5361333, "end_time": 1731015851.2106283, "total_time": 49.67449498176575}