{"description": "detailed_left_base_torch.float32", "accuracy": 0.7816, "unknown": 0.0012, "begin_time": 1731014679.199673, "end_time": 1731014736.9073668, "total_time": 57.70769381523132}