{"description": "detailed_right_base_torch.float32", "accuracy": 0.7746, "unknown": 0.0, "prediction_ratio": 0.5408, "actual_ratio": 0.5038, "begin_time": 1731167678.328792, "end_time": 1731167750.995806, "total_time": 72.6670138835907}