{"description": "detailed_right_small_torch.float32", "accuracy": 0.7602, "unknown": 0.0, "begin_time": 1731016650.1381366, "end_time": 1731016675.1876578, "total_time": 25.04952120780945}