{"description": "detailed_right_small_torch.float16", "accuracy": 0.7608, "unknown": 0.0, "begin_time": 1731015306.3214278, "end_time": 1731015331.5101883, "total_time": 25.18876051902771}