{"description": "simple_right_base_torch.float32", "accuracy": 0.0378, "unknown": 0.9544, "begin_time": 1731016777.3583465, "end_time": 1731016845.547997, "total_time": 68.1896505355835}