{"description": "simple_left_small_torch.float32", "accuracy": 0.0004, "unknown": 0.9996, "begin_time": 1731013683.8224764, "end_time": 1731013720.226318, "total_time": 36.403841495513916}