{"description": "detailed_right_base_torch.float32", "accuracy": 0.782, "unknown": 0.0, "begin_time": 1731017356.7075813, "end_time": 1731017416.926561, "total_time": 60.218979835510254}