{"description": "hybrid_left_base_torch.float16", "accuracy": 0.7864, "unknown": 0.0, "prediction_ratio": 0.5386, "actual_ratio": 0.4898, "begin_time": 1731161793.531086, "end_time": 1731161847.8538783, "total_time": 54.322792291641235}