{"description": "simple_left_base_torch.float16", "accuracy": 0.0408, "unknown": 0.9454, "prediction_ratio": 0.7912087912087912, "actual_ratio": 0.4992, "begin_time": 1731161679.7119422, "end_time": 1731161793.5231066, "total_time": 113.81116437911987}