{"description": "hybrid_right_base_torch.float32", "accuracy": 0.7702, "unknown": 0.0, "prediction_ratio": 0.5488, "actual_ratio": 0.513, "begin_time": 1731167612.995123, "end_time": 1731167678.3188188, "total_time": 65.32369589805603}