{"description": "simple_right_base_torch.float16", "accuracy": 0.0376, "unknown": 0.9546, "begin_time": 1731015434.7142615, "end_time": 1731015507.8332982, "total_time": 73.11903667449951}