{"description": "hybrid_right_small_torch.float16", "accuracy": 0.7596, "unknown": 0.0, "begin_time": 1731015185.376418, "end_time": 1731015209.4311295, "total_time": 24.05471134185791}