{"description": "detailed_left_small_torch.float16", "accuracy": 0.756, "unknown": 0.0, "begin_time": 1731012650.3890874, "end_time": 1731012675.3564525, "total_time": 24.967365026474}