{"description": "few_shot_base_torch.float32_2", "accuracy": 0.822, "unknown": 0.0, "prediction_ratio": 0.585, "actual_ratio": 0.5058, "begin_time": 1731182431.050331, "end_time": 1731182772.4781535, "total_time": 341.4278223514557}