{"description": "few_shot_base_torch.float16_6", "accuracy": 0.4304, "unknown": 0.1454, "prediction_ratio": 0.9801076527030189, "actual_ratio": 0.5056, "begin_time": 1731225367.2754505, "end_time": 1731225825.4565892, "total_time": 458.181138753891}