{"description": "few_shot_large_torch.float16_2", "accuracy": 0.888, "unknown": 0.0, "prediction_ratio": 0.5382, "actual_ratio": 0.5098, "begin_time": 1731179305.9727025, "end_time": 1731180522.2434323, "total_time": 1216.2707297801971}