{"description": "few_shot_small_torch.float32_2", "accuracy": 0.772, "unknown": 0.0, "prediction_ratio": 0.65, "actual_ratio": 0.5076, "begin_time": 1731180946.2227852, "end_time": 1731181047.646559, "total_time": 101.42377376556396}