{"description": "few_shot_base_torch.float32_6", "accuracy": 0.4274, "unknown": 0.1522, "prediction_ratio": 0.971455531965086, "actual_ratio": 0.501, "begin_time": 1731236285.49098, "end_time": 1731236738.4988267, "total_time": 453.0078468322754}