{"description": "few_shot_small_torch.float32_6", "accuracy": 0.4786, "unknown": 0.023, "prediction_ratio": 0.9344933469805528, "actual_ratio": 0.49160000000000004, "begin_time": 1731234258.3061907, "end_time": 1731234371.624397, "total_time": 113.31820631027222}