{"description": "few_shot_large_torch.float32_2", "accuracy": 0.8356, "unknown": 0.0, "prediction_ratio": 0.5314, "actual_ratio": 0.493, "begin_time": 1731525191.5246143, "end_time": 1731533668.9890554, "total_time": 8477.46444106102}