{"description": "few_shot_large_torch.float16_4", "accuracy": 0.8342, "unknown": 0.0, "prediction_ratio": 0.5316, "actual_ratio": 0.4918, "begin_time": 1731537721.222148, "end_time": 1731539034.5753238, "total_time": 1313.3531758785248}